<application>
  <component name="MavenWrapperMapping">
    <option name="mapping">
      <map>
        <entry key="https://repo.maven.apache.org/maven2/org/apache/maven/apache-maven/3.8.4/apache-maven-3.8.4-bin.zip" value="C:\Users\duy.levan\.m2\wrapper\dists\apache-maven-3.8.4-bin\52ccbt68d252mdldqsfsn03jlf\apache-maven-3.8.4" />
        <entry key="https://repo.maven.apache.org/maven2/org/apache/maven/apache-maven/3.9.9/apache-maven-3.9.9-bin.zip" value="C:\Users\duy.levan\.m2\wrapper\dists\apache-maven-3.9.9-bin\4nf9hui3q3djbarqar9g711ggc\apache-maven-3.9.9" />
      </map>
    </option>
  </component>
</application>