<application>
  <component name="Trusted.Paths">
    <option name="TRUSTED_PROJECT_PATHS">
      <map>
        <entry key="C:\Users\duy.levan\personal\demo" value="true" />
        <entry key="C:\Users\duy.levan\personal\duylv27" value="true" />
        <entry key="C:\Users\duy.levan\personal\kubernetes" value="true" />
        <entry key="C:\Users\duy.levan\personal\me-devops" value="true" />
        <entry key="C:\Users\duy.levan\personal\spring-ai" value="true" />
        <entry key="C:\Users\duy.levan\personal\spring-ai-azure-workshop" value="true" />
        <entry key="C:\Users\duy.levan\personal\spring-handbook" value="true" />
        <entry key="C:\Users\duy.levan\personal\spring-handbook\spring-app" value="true" />
        <entry key="C:\Users\duy.levan\personal\spring-handbook\spring-data" value="true" />
        <entry key="C:\Users\duy.levan\personal\spring-handbook\spring-kafka" value="true" />
        <entry key="C:\Users\duy.levan\personal\spring-handbook\spring-security" value="true" />
        <entry key="C:\Users\duy.levan\personal\test" value="true" />
        <entry key="C:\Users\duy.levan\personal\yas\yas" value="true" />
        <entry key="C:\Users\duy.levan\personal\yas\yas\recommendation" value="true" />
      </map>
    </option>
  </component>
  <component name="Trusted.Paths.Settings">
    <option name="TRUSTED_PATHS">
      <list>
        <option value="C:\Users\duy.levan\personal" />
      </list>
    </option>
  </component>
</application>