<application>
  <component name="DimensionService">
    <location key="find.popup.1920.0.1920.1080" x="2555" y="56" />
    <location key="find.popup.0.0.1920.1200" x="635" y="59" />
    <location key="find.popup.6.-1080.1920.1080" x="641" y="-1024" />
    <location key="find.popup.0.-1080.1920.1080" x="635" y="-1025" />
    <location key="find.popup.0.1080.1920.1200" x="635" y="1141" />
    <location key="find.popup.8.-1080.1920.1080" x="643" y="-1026" />
    <location key="find.popup.0.0.1920.1080" x="635" y="54" />
    <size key="find.popup.1920.0.1920.1080" width="875" height="1024" />
    <size key="find.popup.0.0.1920.1200" width="875" height="1093" />
    <size key="GridCell.Tab.0.right.1920.0.1920.1080" width="1838" height="378" />
    <size key="GridCell.Tab.0.left.1920.0.1920.1080" width="1838" height="378" />
    <size key="GridCell.Tab.0.center.1920.0.1920.1080" width="1838" height="378" />
    <size key="GridCell.Tab.0.bottom.1920.0.1920.1080" width="1838" height="378" />
    <size key="GridCell.Tab.1.left.1920.0.1920.1080" width="1838" height="378" />
    <size key="GridCell.Tab.1.center.1920.0.1920.1080" width="1838" height="378" />
    <size key="GridCell.Tab.1.right.1920.0.1920.1080" width="1838" height="378" />
    <size key="GridCell.Tab.1.bottom.1920.0.1920.1080" width="1838" height="378" />
    <size key="GridCell.Tab.0.left.0.0.1920.1200" width="1838" height="449" />
    <size key="GridCell.Tab.0.center.0.0.1920.1200" width="1838" height="449" />
    <size key="GridCell.Tab.0.right.0.0.1920.1200" width="1838" height="449" />
    <size key="GridCell.Tab.0.bottom.0.0.1920.1200" width="1838" height="449" />
    <size key="GridCell.Tab.1.left.0.0.1920.1200" width="1838" height="449" />
    <size key="GridCell.Tab.1.center.0.0.1920.1200" width="1838" height="449" />
    <size key="GridCell.Tab.1.right.0.0.1920.1200" width="1838" height="449" />
    <size key="GridCell.Tab.1.bottom.0.0.1920.1200" width="1838" height="449" />
    <size key="GridCell.Tab.-1.left.1920.0.1920.1080" width="1838" height="443" />
    <size key="GridCell.Tab.-1.center.1920.0.1920.1080" width="1838" height="443" />
    <size key="GridCell.Tab.-1.right.1920.0.1920.1080" width="1838" height="443" />
    <size key="GridCell.Tab.-1.bottom.1920.0.1920.1080" width="1838" height="443" />
    <size key="GridCell.Tab.0.left.6.-1080.1920.1080" width="1838" height="254" />
    <size key="GridCell.Tab.0.center.6.-1080.1920.1080" width="1838" height="254" />
    <size key="GridCell.Tab.0.right.6.-1080.1920.1080" width="1838" height="254" />
    <size key="GridCell.Tab.0.bottom.6.-1080.1920.1080" width="1838" height="254" />
    <size key="GridCell.Tab.1.left.6.-1080.1920.1080" width="1838" height="273" />
    <size key="GridCell.Tab.1.center.6.-1080.1920.1080" width="1838" height="273" />
    <size key="GridCell.Tab.1.right.6.-1080.1920.1080" width="1838" height="273" />
    <size key="GridCell.Tab.1.bottom.6.-1080.1920.1080" width="1838" height="273" />
    <size key="find.popup.6.-1080.1920.1080" width="875" height="976" />
    <size key="find.popup.0.-1080.1920.1080" width="875" height="1025" />
    <size key="GridCell.Tab.0.left.0.-1080.1920.1080" width="1838" height="520" />
    <size key="GridCell.Tab.0.center.0.-1080.1920.1080" width="1838" height="520" />
    <size key="GridCell.Tab.0.right.0.-1080.1920.1080" width="1838" height="520" />
    <size key="GridCell.Tab.0.bottom.0.-1080.1920.1080" width="1838" height="520" />
    <size key="GridCell.Tab.1.left.0.-1080.1920.1080" width="1838" height="520" />
    <size key="GridCell.Tab.1.center.0.-1080.1920.1080" width="1838" height="520" />
    <size key="GridCell.Tab.1.right.0.-1080.1920.1080" width="1838" height="520" />
    <size key="GridCell.Tab.1.bottom.0.-1080.1920.1080" width="1838" height="520" />
    <size key="GridCell.Tab.0.left.0.0.1920.1080" width="1838" height="256" />
    <size key="GridCell.Tab.0.center.0.0.1920.1080" width="1838" height="256" />
    <size key="GridCell.Tab.0.right.0.0.1920.1080" width="1838" height="256" />
    <size key="GridCell.Tab.0.bottom.0.0.1920.1080" width="1838" height="256" />
    <size key="GridCell.Tab.1.left.0.0.1920.1080" width="1838" height="256" />
    <size key="GridCell.Tab.1.center.0.0.1920.1080" width="1838" height="256" />
    <size key="GridCell.Tab.1.right.0.0.1920.1080" width="1838" height="256" />
    <size key="GridCell.Tab.1.bottom.0.0.1920.1080" width="1838" height="256" />
    <size key="find.popup.0.1080.1920.1200" width="875" height="1091" />
    <size key="GridCell.Tab.0.left.0.1080.1920.1200" width="1838" height="476" />
    <size key="GridCell.Tab.0.center.0.1080.1920.1200" width="1838" height="476" />
    <size key="GridCell.Tab.0.right.0.1080.1920.1200" width="1838" height="476" />
    <size key="GridCell.Tab.0.bottom.0.1080.1920.1200" width="1838" height="476" />
    <size key="GridCell.Tab.1.left.0.1080.1920.1200" width="1838" height="476" />
    <size key="GridCell.Tab.1.center.0.1080.1920.1200" width="1838" height="476" />
    <size key="GridCell.Tab.1.right.0.1080.1920.1200" width="1838" height="476" />
    <size key="GridCell.Tab.1.bottom.0.1080.1920.1200" width="1838" height="476" />
    <size key="GridCell.Tab.0.left.8.-1080.1920.1080" width="1838" height="258" />
    <size key="GridCell.Tab.0.center.8.-1080.1920.1080" width="1838" height="258" />
    <size key="GridCell.Tab.0.right.8.-1080.1920.1080" width="1838" height="258" />
    <size key="GridCell.Tab.0.bottom.8.-1080.1920.1080" width="1838" height="258" />
    <size key="GridCell.Tab.1.left.8.-1080.1920.1080" width="1838" height="258" />
    <size key="GridCell.Tab.1.center.8.-1080.1920.1080" width="1838" height="258" />
    <size key="GridCell.Tab.1.right.8.-1080.1920.1080" width="1838" height="258" />
    <size key="GridCell.Tab.1.bottom.8.-1080.1920.1080" width="1838" height="258" />
    <size key="find.popup.8.-1080.1920.1080" width="875" height="978" />
    <size key="find.popup.0.0.1920.1080" width="875" height="978" />
  </component>
  <component name="WindowManager">
    <frame x="-8" y="-8" width="1936" height="1168" />
  </component>
  <component name="WindowStateApplicationService">
    <state x="421" y="106" key="FileChooserDialogImpl" timestamp="1726041438216">
      <screen x="0" y="0" width="1280" height="752" />
    </state>
    <state x="421" y="106" key="FileChooserDialogImpl/0.0.1280.752/1920.0.1920.1032" timestamp="1726041438215" />
  </component>
</application>